藏,子分类,书名
佛藏,乾隆藏,中本起经
佛藏,乾隆藏,五母子经
佛藏,乾隆藏,付法藏因缘经
佛藏,乾隆藏,众经撰杂譬喻经
佛藏,乾隆藏,众许摩诃帝经
佛藏,乾隆藏,传法正宗记
佛藏,乾隆藏,佛五百弟子自说本起经
佛藏,乾隆藏,佛入涅槃密迹金刚力士哀恋经
佛藏,乾隆藏,佛所行赞经
佛藏,乾隆藏,佛本行经
佛藏,乾隆藏,佛本行集经
佛藏,乾隆藏,佛母般泥洹经
佛藏,乾隆藏,佛灭度后棺敛葬送经
佛藏,乾隆藏,佛祖历代通载
佛藏,乾隆藏,佛般泥洹经
佛藏,乾隆藏,佛说一切智光明仙人慈心因缘不食肉经
佛藏,乾隆藏,佛说七女经
佛藏,乾隆藏,佛说三摩竭经
佛藏,乾隆藏,佛说九色鹿经
佛藏,乾隆藏,佛说乳光佛经
佛藏,乾隆藏,佛说五无返复经
佛藏,乾隆藏,佛说五王经
佛藏,乾隆藏,佛说优填王经
佛藏,乾隆藏,佛说佛大僧大经
佛藏,乾隆藏,佛说光明童子因缘经
佛藏,乾隆藏,佛说兜调经
佛藏,乾隆藏,佛说兴起行经
佛藏,乾隆藏,佛说净饭王般涅槃经
佛藏,乾隆藏,佛说前世三转经
佛藏,乾隆藏,佛说力士移山经
佛藏,乾隆藏,佛说呵雕阿那含经
佛藏,乾隆藏,佛说善乐长者经
佛藏,乾隆藏,佛说因缘僧护经
佛藏,乾隆藏,佛说国王不黎先尼十梦经
佛藏,乾隆藏,佛说大坚固婆罗门缘起经
佛藏,乾隆藏,佛说大意经
佛藏,乾隆藏,佛说大自在天子因地经
佛藏,乾隆藏,佛说大迦叶本经
佛藏,乾隆藏,佛说大鱼事经
佛藏,乾隆藏,佛说太子沐魄经
佛藏,乾隆藏,佛说奈女耆域因缘经
佛藏,乾隆藏,佛说奈女耆婆经
佛藏,乾隆藏,佛说妇人遇辜经
佛藏,乾隆藏,佛说妙色王因缘经
佛藏,乾隆藏,佛说婆罗门子命终爱念不离经
佛藏,乾隆藏,佛说婆罗门避死经
佛藏,乾隆藏,佛说差摩婆帝授记经
佛藏,乾隆藏,佛说师子月佛本生经
佛藏,乾隆藏,佛说弊魔试目连经
佛藏,乾隆藏,佛说弟子死复生经
佛藏,乾隆藏,佛说息诤因缘经
佛藏,乾隆藏,佛说懈怠耕者经
佛藏,乾隆藏,佛说摩诃迦叶度贫母经
佛藏,乾隆藏,佛说摩达国王经
佛藏,乾隆藏,佛说放牛经
佛藏,乾隆藏,佛说文陀竭王经
佛藏,乾隆藏,佛说旃陀越国王经
佛藏,乾隆藏,佛说无垢贤女经
佛藏,乾隆藏,佛说普达王经
佛藏,乾隆藏,佛说月光童子经
佛藏,乾隆藏,佛说月明菩萨经
佛藏,乾隆藏,佛说末罗王经
佛藏,乾隆藏,佛说树提伽经
佛藏,乾隆藏,佛说梵志阿颰经
佛藏,乾隆藏,佛说梵摩难国王经
佛藏,乾隆藏,佛说沙曷比丘功德经
佛藏,乾隆藏,佛说波斯匿王太后崩尘土坌身经
佛藏,乾隆藏,佛说海龙王经
佛藏,乾隆藏,佛说满愿子经
佛藏,乾隆藏,佛说灯指因缘经
佛藏,乾隆藏,佛说犊子经
佛藏,乾隆藏,佛说生经
佛藏,乾隆藏,佛说申日儿本经
佛藏,乾隆藏,佛说白衣金幢二婆罗门缘起经
佛藏,乾隆藏,佛说盂兰盆经
佛藏,乾隆藏,佛说睒子经
佛藏,乾隆藏,佛说瞿昙弥记果经
佛藏,乾隆藏,佛说福力太子因缘经
佛藏,乾隆藏,佛说离垢施女经
佛藏,乾隆藏,佛说箭喻经
佛藏,乾隆藏,佛说给孤长者女得度因缘经
佛藏,乾隆藏,佛说罗云忍辱经
佛藏,乾隆藏,佛说群牛譬经
佛藏,乾隆藏,佛说老女人经
佛藏,乾隆藏,佛说老母女六英经
佛藏,乾隆藏,佛说老母经
佛藏,乾隆藏,佛说腹中女听经
佛藏,乾隆藏,佛说舍利弗摩诃目连游四衢经
佛藏,乾隆藏,佛说菩萨逝经
佛藏,乾隆藏,佛说萨罗国经
佛藏,乾隆藏,佛说譬喻经
佛藏,乾隆藏,佛说谏王经
佛藏,乾隆藏,佛说贫穷老公经
佛藏,乾隆藏,佛说赖吒和罗所问德光太子经
佛藏,乾隆藏,佛说赖吒和罗经
佛藏,乾隆藏,佛说越难经
佛藏,乾隆藏,佛说辩意长者子所问经
佛藏,乾隆藏,佛说逝童子经
佛藏,乾隆藏,佛说释摩男本经
佛藏,乾隆藏,佛说金耀童子经
佛藏,乾隆藏,佛说金色王经
佛藏,乾隆藏,佛说铁城泥犁经
佛藏,乾隆藏,佛说银色女经
佛藏,乾隆藏,佛说长寿王经
佛藏,乾隆藏,佛说长者子六过出家经
佛藏,乾隆藏,佛说长者子制经
佛藏,乾隆藏,佛说长者施报经
佛藏,乾隆藏,佛说长者法志妻经
佛藏,乾隆藏,佛说长者音悦经
佛藏,乾隆藏,佛说阎罗王五天使者经
佛藏,乾隆藏,佛说阿阇世王受决经
佛藏,乾隆藏,佛说阿阇世王女阿术达菩萨经
佛藏,乾隆藏,佛说阿阇世王经
佛藏,乾隆藏,佛说阿难七梦经
佛藏,乾隆藏,佛说顶生王因缘经
佛藏,乾隆藏,佛说顶生王故事经
佛藏,乾隆藏,佛说须赖经
佛藏,乾隆藏,佛说须达经
佛藏,乾隆藏,佛说频婆娑罗王经
佛藏,乾隆藏,佛说鬼子母经
佛藏,乾隆藏,佛说魔娆乱经
佛藏,乾隆藏,佛说鸯崛髻经
佛藏,乾隆藏,佛说鸯掘摩经
佛藏,乾隆藏,佛说鹦鹉经
佛藏,乾隆藏,佛说鹿母经
佛藏,乾隆藏,佛说龙施女经
佛藏,乾隆藏,佛说龙施菩萨本起经
佛藏,乾隆藏,佛说龙王兄弟经
佛藏,乾隆藏,修行本起经
佛藏,乾隆藏,僧伽斯那所撰菩萨本缘经
佛藏,乾隆藏,僧伽罗刹所集佛行经
佛藏,乾隆藏,六度集经
佛藏,乾隆藏,千佛因缘经
佛藏,乾隆藏,南海寄归内法传
佛藏,乾隆藏,卢至长者因缘经
佛藏,乾隆藏,善思童子经
佛藏,乾隆藏,嗟袜曩法天子受三归获免恶道经
佛藏,乾隆藏,大唐西域求法高僧传
佛藏,乾隆藏,大唐西域记
佛藏,乾隆藏,大慈恩寺三藏法师传
佛藏,乾隆藏,大集譬喻王经
佛藏,乾隆藏,天王太子辟罗经
佛藏,乾隆藏,太子刷护经
佛藏,乾隆藏,太子和休经
佛藏,乾隆藏,太子慕魄经
佛藏,乾隆藏,太子瑞应本起经
佛藏,乾隆藏,太子须大拏经
佛藏,乾隆藏,央掘魔罗经
佛藏,乾隆藏,婆薮槃豆传
佛藏,乾隆藏,孝子经
佛藏,乾隆藏,宋高僧传
佛藏,乾隆藏,师子素驮娑王断肉经
佛藏,乾隆藏,幻士仁贤经
佛藏,乾隆藏,异出菩萨本起经
佛藏,乾隆藏,提婆菩萨传
佛藏,乾隆藏,摩登伽经
佛藏,乾隆藏,摩登女解形中六事经
佛藏,乾隆藏,摩邓女经
佛藏,乾隆藏,撰集百缘经
佛藏,乾隆藏,方广大庄严经
佛藏,乾隆藏,旧杂譬喻经
佛藏,乾隆藏,明高僧传
佛藏,乾隆藏,普曜经
佛藏,乾隆藏,月上女经
佛藏,乾隆藏,未曾有因缘经
佛藏,乾隆藏,未生怨经
佛藏,乾隆藏,杂宝藏经
佛藏,乾隆藏,杂譬喻经
佛藏,乾隆藏,杂譬喻经--
佛藏,乾隆藏,比丘尼传
佛藏,乾隆藏,法句譬喻经
佛藏,乾隆藏,法显传
佛藏,乾隆藏,犍陀国王经
佛藏,乾隆藏,玉耶女经
佛藏,乾隆藏,玉耶经
佛藏,乾隆藏,琉璃王经
佛藏,乾隆藏,百喻经
佛藏,乾隆藏,神僧传
佛藏,乾隆藏,经律异相
佛藏,乾隆藏,续高僧传
佛藏,乾隆藏,胜军化世百喻伽他经
佛藏,乾隆藏,舍卫国王梦见十事经
佛藏,乾隆藏,舍头谏经
佛藏,乾隆藏,菩萨投身饲饿虎起塔因缘经
佛藏,乾隆藏,菩萨本生鬘论
佛藏,乾隆藏,菩萨本行经
佛藏,乾隆藏,菩萨睒子经
佛藏,乾隆藏,蓱沙王五愿经
佛藏,乾隆藏,贤愚因缘经
佛藏,乾隆藏,过去现在因果经
佛藏,乾隆藏,那先比丘经
佛藏,乾隆藏,释迦谱
佛藏,乾隆藏,长者懊恼三处经
佛藏,乾隆藏,阿育王传
佛藏,乾隆藏,阿育王子法益坏目因缘经
佛藏,乾隆藏,阿育王经
佛藏,乾隆藏,阿育王譬喻经
佛藏,乾隆藏,阿那邠邸化七子经
佛藏,乾隆藏,阿鸠留经
佛藏,乾隆藏,隋天台智者大师别传终
佛藏,乾隆藏,集神州三宝感通录
佛藏,乾隆藏,须摩提女经
佛藏,乾隆藏,须摩提长者经
佛藏,乾隆藏,频毗娑罗王诣佛供养经
佛藏,乾隆藏,马鸣菩萨传
佛藏,乾隆藏,高僧传
佛藏,乾隆藏,黑氏梵志经
佛藏,乾隆藏,龙树菩萨传
佛藏,嘉兴藏,古音王传
佛藏,嘉兴藏,大慧普觉禅师年谱
佛藏,大藏经,一切智光明仙人慈心因缘不食肉经
佛藏,大藏经,七佛父母姓字经
佛藏,大藏经,七女观经
佛藏,大藏经,三国遗事
佛藏,大藏经,三宝感应要略录
佛藏,大藏经,中本起经
佛藏,大藏经,五母子经
佛藏,大藏经,五母子经之二
佛藏,大藏经,五阴譬喻经
佛藏,大藏经,付法藏因缘传
佛藏,大藏经,众经撰杂譬喻
佛藏,大藏经,传法宝纪
佛藏,大藏经,传法正宗记
佛藏,大藏经,佛五百弟子自说本起经
佛藏,大藏经,佛所行赞
佛藏,大藏经,佛本行经
佛藏,大藏经,佛本行集经
佛藏,大藏经,佛祖历代通载
佛藏,大藏经,佛祖统纪
佛藏,大藏经,佛说七女经
佛藏,大藏经,佛说九色鹿经
佛藏,大藏经,佛说九鹿经
佛藏,大藏经,佛说五无反复经
佛藏,大藏经,佛说五无反复经之二
佛藏,大藏经,佛说五无返复经
佛藏,大藏经,佛说五王经
佛藏,大藏经,佛说众许摩诃帝经
佛藏,大藏经,佛说光明童子因缘经
佛藏,大藏经,佛说兴起行经
佛藏,大藏经,佛说净饭王般涅槃经
佛藏,大藏经,佛说力士移山经
佛藏,大藏经,佛说千佛因缘经
佛藏,大藏经,佛说因缘僧护经
佛藏,大藏经,佛说大坚固婆罗门缘起经
佛藏,大藏经,佛说大意经
佛藏,大藏经,佛说大爱道般泥洹经
佛藏,大藏经,佛说大自在天子因地经
佛藏,大藏经,佛说大迦叶本经
佛藏,大藏经,佛说大鱼事经
佛藏,大藏经,佛说天王太子辟罗经
佛藏,大藏经,佛说太子刷护经
佛藏,大藏经,佛说太子和休经
佛藏,大藏经,佛说太子墓魄经
佛藏,大藏经,佛说太子慕魄经
佛藏,大藏经,佛说太子瑞应本起经
佛藏,大藏经,佛说奈女祇域因缘经
佛藏,大藏经,佛说妇人遇辜经
佛藏,大藏经,佛说妙色王因缘经
佛藏,大藏经,佛说婆罗门子命终爱念不离经
佛藏,大藏经,佛说婆罗门避死经
佛藏,大藏经,佛说孝子经
佛藏,大藏经,佛说师子月佛本生经
佛藏,大藏经,佛说师子素驮娑王断肉经
佛藏,大藏经,佛说幻士仁贤经
佛藏,大藏经,佛说弥勒下生成佛经
佛藏,大藏经,佛说弥勒下生成佛经-唐-义净
佛藏,大藏经,佛说弥勒下生经
佛藏,大藏经,佛说弥勒大成佛经
佛藏,大藏经,佛说弥勒来时经
佛藏,大藏经,佛说德光太子经
佛藏,大藏经,佛说德护长者经
佛藏,大藏经,佛说息诤因缘经
佛藏,大藏经,佛说懈怠耕者经
佛藏,大藏经,佛说报恩奉盆经
佛藏,大藏经,佛说摩登女解形中六事经
佛藏,大藏经,佛说摩诃迦叶度贫母经
佛藏,大藏经,佛说摩达国王经
佛藏,大藏经,佛说摩邓女经
佛藏,大藏经,佛说文陀竭王经
佛藏,大藏经,佛说旃陀越国王经
佛藏,大藏经,佛说无垢贤女经
佛藏,大藏经,佛说普曜经
佛藏,大藏经,佛说月上女经
佛藏,大藏经,佛说月光童子经
佛藏,大藏经,佛说未曾有因缘经
佛藏,大藏经,佛说未生冤经
佛藏,大藏经,佛说末罗王经
佛藏,大藏经,佛说柰女耆婆经
佛藏,大藏经,佛说树提伽经
佛藏,大藏经,佛说树提伽经之二
佛藏,大藏经,佛说梵志女首意经
佛藏,大藏经,佛说梵摩难国王经
佛藏,大藏经,佛说沙曷比丘功德经
佛藏,大藏经,佛说波斯匿王太后崩尘土坌身经
佛藏,大藏经,佛说满愿子经
佛藏,大藏经,佛说玉耶女经
佛藏,大藏经,佛说玉耶女经之二
佛藏,大藏经,佛说琉璃王经
佛藏,大藏经,佛说申日经
佛藏,大藏经,佛说白衣金幢二婆罗门缘经
佛藏,大藏经,佛说盂兰盆经
佛藏,大藏经,佛说睒子经
佛藏,大藏经,佛说睒子经之三
佛藏,大藏经,佛说睒子经之二
佛藏,大藏经,佛说瞿昙弥记果经
佛藏,大藏经,佛说福力太子因缘经
佛藏,大藏经,佛说离垢施女经
佛藏,大藏经,佛说箭喻经
佛藏,大藏经,佛说给孤长者女得度因缘经
佛藏,大藏经,佛说维摩诘经
佛藏,大藏经,佛说群牛譬经
佛藏,大藏经,佛说老女人经
佛藏,大藏经,佛说老母女六英经
佛藏,大藏经,佛说老母经
佛藏,大藏经,佛说耶祇经
佛藏,大藏经,佛说舍卫国王十梦经
佛藏,大藏经,佛说菩萨投身饴饿虎起塔因缘经
佛藏,大藏经,佛说菩萨本行经
佛藏,大藏经,佛说菩萨睒子经
佛藏,大藏经,佛说菩萨逝经
佛藏,大藏经,佛说萨罗国经
佛藏,大藏经,佛说蓱沙王五愿经
佛藏,大藏经,佛说譬喻经
佛藏,大藏经,佛说谏王经
佛藏,大藏经,佛说贫穷老公经
佛藏,大藏经,佛说贫穷老公经之二
佛藏,大藏经,佛说赖吒和罗经
佛藏,大藏经,佛说越难经
佛藏,大藏经,佛说过去世佛分卫经
佛藏,大藏经,佛说逝童子经
佛藏,大藏经,佛说释摩男本四子经
佛藏,大藏经,佛说金光王童子经
佛藏,大藏经,佛说金耀童子经
佛藏,大藏经,佛说长者子六过出家经
佛藏,大藏经,佛说长者子制经
佛藏,大藏经,佛说长者子懊恼三处经
佛藏,大藏经,佛说长者法志妻经
佛藏,大藏经,佛说长者音悦经
佛藏,大藏经,佛说阎罗王五天使者经
佛藏,大藏经,佛说阿遬达经
佛藏,大藏经,佛说阿阇世王经
佛藏,大藏经,佛说阿阇贳王女阿术达菩萨经
佛藏,大藏经,佛说阿难同学经
佛藏,大藏经,佛说阿鸠留经
佛藏,大藏经,佛说除恐灾患经
佛藏,大藏经,佛说随勇尊者经
佛藏,大藏经,佛说难提释经
佛藏,大藏经,佛说鞞摩肃经
佛藏,大藏经,佛说頞多和多耆经
佛藏,大藏经,佛说顶生王因缘经
佛藏,大藏经,佛说顶生王故事经
佛藏,大藏经,佛说须摩提长者经
佛藏,大藏经,佛说须赖经
佛藏,大藏经,佛说须赖经-曹魏-白延
佛藏,大藏经,佛说须达经
佛藏,大藏经,佛说频婆裟罗王经
佛藏,大藏经,佛说马有三相经
佛藏,大藏经,佛说马有八态譬人经
佛藏,大藏经,佛说鬼子母经
佛藏,大藏经,佛说魔娆乱经
佛藏,大藏经,佛说鸯崛髻经
佛藏,大藏经,佛说鸯掘摩经
佛藏,大藏经,佛说鹦鹉经
佛藏,大藏经,佛说鹹水喻经
佛藏,大藏经,佛说鹿母经
佛藏,大藏经,佛说鹿母经之二
佛藏,大藏经,佛说黑氏梵志经
佛藏,大藏经,佛说龙施女经
佛藏,大藏经,佛说龙施菩萨本起经
佛藏,大藏经,修行本起经
佛藏,大藏经,六度集经
佛藏,大藏经,冥报记
佛藏,大藏经,净土往生传
佛藏,大藏经,出曜经
佛藏,大藏经,前世三转经
佛藏,大藏经,北魏僧惠生使西域记
佛藏,大藏经,卢至长者因缘经
佛藏,大藏经,唐大荐福寺故寺主翻经大德法藏和尚传
佛藏,大藏经,唐护法沙门法琳别传
佛藏,大藏经,国王不梨先泥十梦经
佛藏,大藏经,大唐大慈恩寺三藏法师传
佛藏,大藏经,大唐故三藏玄奘法师行状
佛藏,大藏经,大唐故大德赠司空大辨正广智不空三藏行状
佛藏,大藏经,大唐西域求法高僧传
佛藏,大藏经,大唐西域记
佛藏,大藏经,大唐青龙寺三朝供奉大德行状
佛藏,大藏经,大宋僧史略
佛藏,大藏经,大庄严论经
佛藏,大藏经,大慧普觉禅师宗门武库
佛藏,大藏经,大方便佛报恩经
佛藏,大藏经,大方广佛华严经感应传
佛藏,大藏经,大明高僧传
佛藏,大藏经,大目乾连冥间救母变文并图
佛藏,大藏经,大集譬喻王经
佛藏,大藏经,天台九祖传
佛藏,大藏经,天尊说阿育王譬喻经
佛藏,大藏经,太子须大拏经
佛藏,大藏经,如来成道经
佛藏,大藏经,婆薮槃豆法师传
佛藏,大藏经,宋高僧传
佛藏,大藏经,寺塔记
佛藏,大藏经,广清凉传
佛藏,大藏经,庐山记
佛藏,大藏经,府君存惠传
佛藏,大藏经,异出菩萨本起经
佛藏,大藏经,弊魔试目连经
佛藏,大藏经,弘赞法华传
佛藏,大藏经,弟子死复生经
佛藏,大藏经,往生西方净土瑞应传
佛藏,大藏经,往生集
佛藏,大藏经,律相感通传
佛藏,大藏经,御制神僧传
佛藏,大藏经,悲华经
佛藏,大藏经,惠远外传
佛藏,大藏经,持诵金刚经灵验功德记
佛藏,大藏经,提婆菩萨传
佛藏,大藏经,摩登伽经
佛藏,大藏经,摩诃摩耶经
佛藏,大藏经,撰集三藏及杂藏传
佛藏,大藏经,撰集百缘经
佛藏,大藏经,方广大庄严经
佛藏,大藏经,无明罗刹集
佛藏,大藏经,旧杂譬喻经
佛藏,大藏经,普达王经
佛藏,大藏经,杂宝藏经
佛藏,大藏经,杂譬喻经
佛藏,大藏经,杂譬喻经-后汉-支娄迦谶
佛藏,大藏经,杂譬喻经-道略
佛藏,大藏经,比丘尼传
佛藏,大藏经,比丘避女恶名欲自杀经
佛藏,大藏经,沙弥罗经
佛藏,大藏经,法华传记
佛藏,大藏经,法句譬喻经
佛藏,大藏经,法显传
佛藏,大藏经,法苑珠林
佛藏,大藏经,洛阳伽蓝记
佛藏,大藏经,海东高僧传
佛藏,大藏经,游方记抄
佛藏,大藏经,灯指因缘经
佛藏,大藏经,炖煌录
佛藏,大藏经,犍陀国王经
佛藏,大藏经,玄宗朝翻经三藏善无畏赠鸿胪卿行状
佛藏,大藏经,玉耶经
佛藏,大藏经,生经
佛藏,大藏经,申日儿本经
佛藏,大藏经,百喻经
佛藏,大藏经,经律异相
佛藏,大藏经,续清凉传
佛藏,大藏经,续高僧传
佛藏,大藏经,罗云忍辱经
佛藏,大藏经,舍卫国王梦见十事经
佛藏,大藏经,舍头谏太子二十八宿经
佛藏,大藏经,菩萨本生鬘论
佛藏,大藏经,菩萨本缘经
佛藏,大藏经,补陀洛迦山传
佛藏,大藏经,贤愚经
佛藏,大藏经,辩意长者子经
佛藏,大藏经,过去现在因果经
佛藏,大藏经,迦叶赴佛般涅槃经
佛藏,大藏经,道宣律师感通录
佛藏,大藏经,那先比丘经
佛藏,大藏经,那先比丘经--
佛藏,大藏经,采花违王上佛授决号妙花经
佛藏,大藏经,释门自镜录
佛藏,大藏经,金色王经
佛藏,大藏经,金色童子因缘经
佛藏,大藏经,银色女经
佛藏,大藏经,长寿王经
佛藏,大藏经,阿育王传
佛藏,大藏经,阿育王息坏目因缘经
佛藏,大藏经,阿育王经
佛藏,大藏经,阿那邠邸化七子经
佛藏,大藏经,阿阇世王授决经
佛藏,大藏经,阿阇世王问五逆经
佛藏,大藏经,阿难七梦经
佛藏,大藏经,隋天台智者大师别传
佛藏,大藏经,集神州三宝感通录
佛藏,大藏经,须摩提女经
佛藏,大藏经,须摩提女经之二
佛藏,大藏经,频毗娑罗王诣佛供养经
佛藏,大藏经,饿鬼报应经
佛藏,大藏经,马鸣菩萨传
佛藏,大藏经,高僧传
佛藏,大藏经,龙树菩萨传
佛藏,大藏经,龙树菩萨传之二
佛藏,大藏经,龙王兄弟经
佛藏,续藏经,丛林盛事
佛藏,续藏经,东国僧尼录
佛藏,续藏经,东林十八高贤传
佛藏,续藏经,云卧纪谭
佛藏,续藏经,优婆夷志
佛藏,续藏经,伯亭大师传记总帙
佛藏,续藏经,佛说地藏菩萨发心因缘十王经
佛藏,续藏经,修西闻见录
佛藏,续藏经,僧宝正续传
佛藏,续藏经,八十八祖道影传赞
佛藏,续藏经,冥报记辑书
佛藏,续藏经,净土圣贤录
佛藏,续藏经,净土圣贤录续编
佛藏,续藏经,华严感应缘起传
佛藏,续藏经,华严经感应略记
佛藏,续藏经,华严经持验记
佛藏,续藏经,南宋元明禅林僧宝传
佛藏,续藏经,南岳单传记
佛藏,续藏经,名僧传抄
佛藏,续藏经,善女人传
佛藏,续藏经,地藏菩萨像灵验记
佛藏,续藏经,天台智者大师传论
佛藏,续藏经,定应大师布袋和尚传
佛藏,续藏经,居士传
佛藏,续藏经,心性罪福因缘集
佛藏,续藏经,惠果和尚行状
佛藏,续藏经,新修往生传
佛藏,续藏经,新修科分六学僧传
佛藏,续藏经,智者大师别传注
佛藏,续藏经,曹溪大师别传
佛藏,续藏经,武林西湖高僧事略
佛藏,续藏经,永明道迹
佛藏,续藏经,法华灵验传
佛藏,续藏经,法华经持验记
佛藏,续藏经,法华经显应录
佛藏,续藏经,法界宗五祖略记
佛藏,续藏经,玄奘三藏法师资传丛书
佛藏,续藏经,现果随录
佛藏,续藏经,皇明名僧辑略
佛藏,续藏经,神异典二氏部汇考
佛藏,续藏经,神异典释教部纪事
佛藏,续藏经,禅林僧宝传
佛藏,续藏经,续武林西湖高僧事略
佛藏,续藏经,缁门崇行录
佛藏,续藏经,罗湖野录
佛藏,续藏经,莲修起信录
佛藏,续藏经,补续高僧传
佛藏,续藏经,西舫汇征
佛藏,续藏经,见闻录
佛藏,续藏经,观世音菩萨往生净土本缘经附西晋录
佛藏,续藏经,观音慈林集
佛藏,续藏经,观音经持验记
佛藏,续藏经,释迦如来应化录
佛藏,续藏经,释迦如来成道记
佛藏,续藏经,释迦如来行迹颂
佛藏,续藏经,金刚经受持感应录
佛藏,续藏经,金刚经感应传
佛藏,续藏经,金刚经感应分类辑要
佛藏,续藏经,金刚经持验记
佛藏,续藏经,金刚经新异录
佛藏,续藏经,金刚经灵验传
佛藏,续藏经,金刚经鸠异
佛藏,续藏经,金刚般若经集验记
佛藏,续藏经,雪堂行拾遗录
佛藏,续藏经,高僧摘要
佛藏,藏外,二十四尊得道罗汉传
佛藏,藏外,佛祖历代通载
佛藏,藏外,入唐求法巡礼行记
佛藏,藏外,南宋元明禅林僧宝传
佛藏,藏外,南海观音菩萨出身修行传
佛藏,藏外,大慈恩寺三藏法师传
佛藏,藏外,大明高僧传
佛藏,藏外,宋高僧传
佛藏,藏外,寄禅和尚行述
佛藏,藏外,御制神僧传
佛藏,藏外,敦煌变文集新书
佛藏,藏外,林间录
佛藏,藏外,海东高僧传
佛藏,藏外,白国因由
佛藏,藏外,禅林僧宝传
佛藏,藏外,续清凉传
佛藏,藏外,续高僧传
佛藏,藏外,罗湖野录
佛藏,藏外,见闻录
佛藏,藏外,觅灯因话
佛藏,藏外,达摩出身传灯传
佛藏,藏外,达摩宝传
佛藏,藏外,释迦谱
儒藏,修身治家,今世说
儒藏,修身治家,杜骗新书
儒藏,启蒙蒙学,孔子家语
儒藏,诗经,韩诗外传
儒藏,语录,孔丛子
儒藏,语录,孔子家语
儒藏,语录,新序
儒藏,语录,说苑
史藏,传记,东林列传
史藏,传记,东林十八高贤传
史藏,传记,中州人物考
史藏,传记,京口耆旧传
史藏,传记,今献备遗
史藏,传记,元名臣事略
史藏,传记,元朝名臣事略
史藏,传记,入蜀记
史藏,传记,列女传
史藏,传记,十七史百将传
史藏,传记,卓异记
史藏,传记,古今列女传
史藏,传记,古列女传
史藏,传记,台湾文献清史列传选
史藏,传记,史传三编
史藏,传记,名卿绩纪
史藏,传记,名臣碑传琬琰之集
史藏,传记,名臣碑传琬琰集
史藏,传记,吴耿尚孔四王全传
史藏,传记,吴船录
史藏,传记,唐才子传
史藏,传记,嘉靖以来首辅传
史藏,传记,国宝新编
史藏,传记,奴才小史
史藏,传记,宋名臣言行录
史藏,传记,小腆纪传
史藏,传记,广卓异记
史藏,传记,廉吏传
史藏,传记,忠贞录
史藏,传记,扈从东巡日录
史藏,传记,扈从西巡日录
史藏,传记,敬乡录
史藏,传记,明儒言行录
史藏,传记,明名臣琬琰录
史藏,传记,明名臣琬琰续录
史藏,传记,明高僧传
史藏,传记,春秋臣传
史藏,传记,昭忠录
史藏,传记,晏子春秋
史藏,传记,松亭行纪
史藏,传记,浦阳人物记
史藏,传记,清代学人列传
史藏,传记,清先正事略选
史藏,传记,清耆献类征选编
史藏,传记,百越先贤志
史藏,传记,皇明名僧辑略
史藏,传记,福建通志列传选
史藏,传记,稗史集传
史藏,传记,续吴先贤赞
史藏,传记,襄阳耆旧记
史藏,传记,西使记
史藏,传记,贫士传
史藏,传记,轩辕黄帝传
史藏,传记,郑成功传
史藏,传记,钱塘先贤传赞
史藏,传记,骖鸾录
史藏,传记,高僧传
史藏,传记,高士传
史藏,地理,佛国记
史藏,地理,大唐西域记
史藏,地理,徐霞客游记
史藏,志存记录,丁晋公谈录
史藏,志存记录,万历野获编
史藏,志存记录,三冈识略
史藏,志存记录,三国遗事
史藏,志存记录,三垣笔记
史藏,志存记录,世载堂杂忆
史藏,志存记录,东南纪闻
史藏,志存记录,东原录
史藏,志存记录,东坡乌台诗案
史藏,志存记录,东斋记事
史藏,志存记录,东明闻见录
史藏,志存记录,东观奏记
史藏,志存记录,东谷所见
史藏,志存记录,东轩笔录
史藏,志存记录,两湖麈谈录
史藏,志存记录,中朝故事
史藏,志存记录,乐郊私语
史藏,志存记录,乙酉笔记
史藏,志存记录,书湖州庄氏史狱
史藏,志存记录,书鲍忠壮公轶事
史藏,志存记录,二老堂杂志
史藏,志存记录,云杜故事
史藏,志存记录,云蕉馆纪谈
史藏,志存记录,云麓漫钞
史藏,志存记录,五代史补
史藏,志存记录,五代史阙文
史藏,志存记录,五代新说
史藏,志存记录,京尘杂录
史藏,志存记录,今言
史藏,志存记录,余冬序录
史藏,志存记录,停骖录摘抄
史藏,志存记录,养吉斋丛录
史藏,志存记录,凤凰台记事
史藏,志存记录,凤城琐录
史藏,志存记录,凤洲杂编
史藏,志存记录,前闻记
史藏,志存记录,北东园笔录
史藏,志存记录,北梦录
史藏,志存记录,北梦琐言
史藏,志存记录,北狩行录
史藏,志存记录,北狩见闻录
史藏,志存记录,北轩笔记
史藏,志存记录,北里志
史藏,志存记录,医闾漫记
史藏,志存记录,南北朝杂记
史藏,志存记录,南唐近事
史藏,志存记录,南村辍耕录
史藏,志存记录,南游记旧
史藏,志存记录,南窗纪谈
史藏,志存记录,南翁梦录
史藏,志存记录,南越笔记
史藏,志存记录,南部新书
史藏,志存记录,博异志
史藏,志存记录,博物志
史藏,志存记录,双溪杂记
史藏,志存记录,古穰杂录摘抄
史藏,志存记录,台海见闻录
史藏,志存记录,台阳笔记
史藏,志存记录,台阳见闻录
史藏,志存记录,名人轶事
史藏,志存记录,后渠杂识
史藏,志存记录,吕氏杂记
史藏,志存记录,听雨丛谈
史藏,志存记录,咫尺偶闻
史藏,志存记录,咸同将相琐闻
史藏,志存记录,咸淳遗事
史藏,志存记录,唐阙史
史藏,志存记录,啁啾漫记
史藏,志存记录,啸亭杂录
史藏,志存记录,啸亭续录
史藏,志存记录,善女人传
史藏,志存记录,四朝闻见录
史藏,志存记录,园笔乘
史藏,志存记录,国老谈苑
史藏,志存记录,国闻备乘
史藏,志存记录,圆明园总管世家
史藏,志存记录,塞外杂识
史藏,志存记录,墨客挥犀
史藏,志存记录,多铎妃刘氏外传
史藏,志存记录,大业拾遗记
史藏,志存记录,大唐传载
史藏,志存记录,大宋宣和遗事
史藏,志存记录,天咫偶闻
史藏,志存记录,天禄阁外史
史藏,志存记录,守溪笔记
史藏,志存记录,安乐康平室随笔
史藏,志存记录,安禄山事迹
史藏,志存记录,宋人轶事汇编
史藏,志存记录,定命录
史藏,志存记录,宦游偶记
史藏,志存记录,家世旧闻
史藏,志存记录,宾退录
史藏,志存记录,寓圃杂记
史藏,志存记录,封氏闻见记
史藏,志存记录,居易录
史藏,志存记录,居易续谈
史藏,志存记录,山居新话
史藏,志存记录,山左笔谈
史藏,志存记录,山海经
史藏,志存记录,岁华忆语
史藏,志存记录,帝鉴图说
史藏,志存记录,广阳杂记
史藏,志存记录,庄岳委谈
史藏,志存记录,庐陵官下记
史藏,志存记录,庚申君遗事
史藏,志存记录,庭闻录
史藏,志存记录,庸盦笔记
史藏,志存记录,开元天宝遗事
史藏,志存记录,开天传信记
史藏,志存记录,开河记
史藏,志存记录,张文襄幕府纪闻
史藏,志存记录,张积中传
史藏,志存记录,弢园笔乘
史藏,志存记录,归庐谭往录
史藏,志存记录,归潜志
史藏,志存记录,归田录
史藏,志存记录,彭文宪公笔记
史藏,志存记录,影梅庵忆语
史藏,志存记录,律条公案
史藏,志存记录,徐襄阳西园杂记
史藏,志存记录,战国策
史藏,志存记录,戴东原先生轶事
史藏,志存记录,所闻录
史藏,志存记录,扬州十日记
史藏,志存记录,扬州屠城亲历
史藏,志存记录,扬州画舫录
史藏,志存记录,拳变馀闻
史藏,志存记录,挥麈录
史藏,志存记录,损斋备忘录
史藏,志存记录,文昌杂录
史藏,志存记录,斯未信斋杂录
史藏,志存记录,日闻录
史藏,志存记录,旧京琐记
史藏,志存记录,旧京遗事
史藏,志存记录,明季遗闻
史藏,志存记录,明皇杂录
史藏,志存记录,明道杂志
史藏,志存记录,春明梦录
史藏,志存记录,春明退朝录
史藏,志存记录,昨梦录
史藏,志存记录,曲洧旧闻
史藏,志存记录,月河所闻集
史藏,志存记录,朝野佥言
史藏,志存记录,朝野佥载
史藏,志存记录,朝野新谭
史藏,志存记录,朝野遗记
史藏,志存记录,松漠纪闻
史藏,志存记录,松窗杂录
史藏,志存记录,松窗梦语
史藏,志存记录,枣林杂俎
史藏,志存记录,栖霞阁野乘
史藏,志存记录,梁公九谏
史藏,志存记录,梁溪漫志
史藏,志存记录,梅花岭遗事
史藏,志存记录,梦蕉亭杂记
史藏,志存记录,榆巢杂识
史藏,志存记录,檐曝杂记
史藏,志存记录,檐醉杂记
史藏,志存记录,次柳氏旧闻
史藏,志存记录,正统北狩事迹
史藏,志存记录,步里客谈
史藏,志存记录,水东日记
史藏,志存记录,水窗春呓
史藏,志存记录,汉末英雄记
史藏,志存记录,汉杂事秘辛
史藏,志存记录,汉武帝别国洞冥记
史藏,志存记录,江南闻见录
史藏,志存记录,池北偶谈
史藏,志存记录,沪游梦影
史藏,志存记录,河东记
史藏,志存记录,治世余闻
史藏,志存记录,洛阳缙绅旧闻记
史藏,志存记录,洪杨轶闻
史藏,志存记录,海上见闻录
史藏,志存记录,涑水记闻
史藏,志存记录,清代之竹头木屑
史藏,志存记录,清代名人轶事
史藏,志存记录,清代野记
史藏,志存记录,清宫禁二年记
史藏,志存记录,清波杂志
史藏,志存记录,清稗琐缀
史藏,志存记录,渚宫旧事
史藏,志存记录,渠丘耳梦录
史藏,志存记录,湘山野录
史藏,志存记录,濯缨亭笔记
史藏,志存记录,熙朝乐事
史藏,志存记录,熙朝新语
史藏,志存记录,燕丹子
史藏,志存记录,独醒杂志
史藏,志存记录,玉堂荟记
史藏,志存记录,玉照新志
史藏,志存记录,玉镜新谭
史藏,志存记录,王文恪公笔记
史藏,志存记录,王文正公笔录
史藏,志存记录,王文正公遗事
史藏,志存记录,珍席放谈
史藏,志存记录,甲申杂记
史藏,志存记录,畜德录
史藏,志存记录,病逸漫记
史藏,志存记录,癸辛杂识
史藏,志存记录,百可漫志
史藏,志存记录,皇明典故纪闻
史藏,志存记录,皇明奇事述
史藏,志存记录,皇明盛事述
史藏,志存记录,瞑庵二识
史藏,志存记录,瞑庵杂识
史藏,志存记录,石林燕语
史藏,志存记录,研堂见闻杂记
史藏,志存记录,砚北杂志
史藏,志存记录,碧里杂存
史藏,志存记录,穆天子传
史藏,志存记录,立斋闲录
史藏,志存记录,竹叶亭杂记
史藏,志存记录,粤游见闻
史藏,志存记录,绛云楼俊遇
史藏,志存记录,继世纪闻
史藏,志存记录,翰苑遗事
史藏,志存记录,耆旧续闻
史藏,志存记录,胜朝彤史拾遗记
史藏,志存记录,至正直记
史藏,志存记录,舟车闻见录
史藏,志存记录,花当阁丛谈
史藏,志存记录,花随人圣盦摭忆
史藏,志存记录,苹野纂闻
史藏,志存记录,荷牐丛谈
史藏,志存记录,菽园杂记
史藏,志存记录,萍洲可谈
史藏,志存记录,葆光录
史藏,志存记录,蓬轩类记
史藏,志存记录,蕉廊脞录
史藏,志存记录,蕉窗雨话
史藏,志存记录,蕉轩续录
史藏,志存记录,蕉轩随录
史藏,志存记录,藤阴杂记
史藏,志存记录,蜀都杂抄
史藏,志存记录,行素斋杂记
史藏,志存记录,行营杂录
史藏,志存记录,裴子语林
史藏,志存记录,西京杂记
史藏,志存记录,西塘集耆旧续闻
史藏,志存记录,西子湖拾翠余谈
史藏,志存记录,西村十记
史藏,志存记录,西清笔记
史藏,志存记录,见闻杂记
史藏,志存记录,见闻琐录
史藏,志存记录,见闻纪训
史藏,志存记录,觚不觚录
史藏,志存记录,觚剩及续编
史藏,志存记录,解酲语
史藏,志存记录,謇斋琐缀录
史藏,志存记录,识小录
史藏,志存记录,诚斋挥麈录
史藏,志存记录,豫章漫抄
史藏,志存记录,贞陵遗事
史藏,志存记录,赵后遗事
史藏,志存记录,辽阳闻见录
史藏,志存记录,过庭录
史藏,志存记录,过眼录
史藏,志存记录,近代名人轶事录
史藏,志存记录,还冤记
史藏,志存记录,道山清话
史藏,志存记录,遵闻录
史藏,志存记录,邵氏闻见前录
史藏,志存记录,邵氏闻见后录
史藏,志存记录,邵氏闻见录
史藏,志存记录,郎潜纪闻三笔
史藏,志存记录,郎潜纪闻二笔
史藏,志存记录,郎潜纪闻初笔
史藏,志存记录,醉翁谈录
史藏,志存记录,野记
史藏,志存记录,金台纪闻
史藏,志存记录,金陵琐事
史藏,志存记录,鉴诫录
史藏,志存记录,钱塘遗事
史藏,志存记录,钱氏私志
史藏,志存记录,闻见近录
史藏,志存记录,阅世编
史藏,志存记录,阳秋剩笔
史藏,志存记录,陶庐杂录
史藏,志存记录,陶庵梦忆
史藏,志存记录,隋唐嘉话
史藏,志存记录,隋遗录
史藏,志存记录,随手杂录
史藏,志存记录,随隐漫录
史藏,志存记录,震泽纪闻
史藏,志存记录,靖康缃素杂记
史藏,志存记录,靖海纪略
史藏,志存记录,靖难功臣录
史藏,志存记录,革除逸史
史藏,志存记录,革除遗事
史藏,志存记录,韩忠献公遗事
史藏,志存记录,风倒梧桐记
史藏,志存记录,馥芬居日记
史藏,志存记录,魂南记
史藏,志存记录,鲲瀛日记
史藏,志存记录,鸦片事略
史藏,志存记录,鹿樵纪闻
史藏,志存记录,麈史
史藏,志存记录,默记
史藏,志存记录,龙川别志
史藏,志存记录,龙飞录
史藏,正史,史记
史藏,正史,史记四库
史藏,职官,明镜公案
史藏,职官,鼎镌国朝名公神断详刑公案
史藏,载记,吴越春秋
史藏,载记,越绝书
子藏,笔记,丁香花
子藏,笔记,万柳溪边旧话
子藏,笔记,三异笔谈
子藏,笔记,三水小牍
子藏,笔记,世说新语
子藏,笔记,东南纪闻
子藏,笔记,东原录
子藏,笔记,东坡志林
子藏,笔记,东山杂记
子藏,笔记,东斋记事
子藏,笔记,东轩笔录
子藏,笔记,东阳夜怪录
子藏,笔记,中朝故事
子藏,笔记,丽情集
子藏,笔记,义盗记
子藏,笔记,乐郊私语
子藏,笔记,书斋夜话
子藏,笔记,事实类苑
子藏,笔记,二酉委谭摘录
子藏,笔记,二酉缀遗
子藏,笔记,云仙杂记
子藏,笔记,云溪友议
子藏,笔记,云谿友议
子藏,笔记,五总志
子藏,笔记,仇池笔记
子藏,笔记,仙杂记
子藏,笔记,优语录
子藏,笔记,会昌解颐录
子藏,笔记,何氏语林
子藏,笔记,佩韦斋辑闻
子藏,笔记,侯鲭录
子藏,笔记,俗说
子藏,笔记,儒林公议
子藏,笔记,先拨志始
子藏,笔记,先进遗风
子藏,笔记,公冶长听鸟语纲常
子藏,笔记,公门果报录
子藏,笔记,养疴漫笔
子藏,笔记,冥寥子游
子藏,笔记,冥报记
子藏,笔记,冥祥记
子藏,笔记,冥通记
子藏,笔记,冷斋夜话
子藏,笔记,出劫纪略
子藏,笔记,分甘余话
子藏,笔记,分门古今类事
子藏,笔记,列异传
子藏,笔记,刘宾客嘉话录
子藏,笔记,制府杂录
子藏,笔记,前定录
子藏,笔记,剧谈录
子藏,笔记,剪灯余话
子藏,笔记,剪灯新话
子藏,笔记,剪胜野闻
子藏,笔记,勤有堂随录
子藏,笔记,北梦琐言
子藏,笔记,北窗炙輠录
子藏,笔记,北窗琐语
子藏,笔记,北轩笔记
子藏,笔记,十叶野闻
子藏,笔记,半村野人闲谈
子藏,笔记,南唐近事
子藏,笔记,南园漫录
子藏,笔记,南楚新闻
子藏,笔记,南窗漫记引
子藏,笔记,南窗记谈
子藏,笔记,南部新书
子藏,笔记,博异记
子藏,笔记,博物志
子藏,笔记,却扫编
子藏,笔记,历代崇道记
子藏,笔记,原李耳载
子藏,笔记,县笥琐探摘抄
子藏,笔记,友会谈丛
子藏,笔记,双卿笔记
子藏,笔记,双槐岁钞
子藏,笔记,古今奇闻类纪
子藏,笔记,古今说海
子藏,笔记,古夫于亭杂录
子藏,笔记,古杭杂记
子藏,笔记,只麈谭
子藏,笔记,右台仙馆笔记
子藏,笔记,同昌公主外传
子藏,笔记,后山谈丛
子藏,笔记,吕氏杂记
子藏,笔记,君子堂日询手镜
子藏,笔记,启颜录
子藏,笔记,吴中往哲记
子藏,笔记,吴中故语
子藏,笔记,吴乘窃笔
子藏,笔记,唐国史补
子藏,笔记,唐摭言
子藏,笔记,唐新语
子藏,笔记,唐语林
子藏,笔记,唐阙史
子藏,笔记,嘉祐杂志
子藏,笔记,四友斋丛说
子藏,笔记,四朝闻见录
子藏,笔记,因话录
子藏,笔记,国老谈苑
子藏,笔记,国色天香
子藏,笔记,在园杂志
子藏,笔记,坚瓠集
子藏,笔记,埋忧续集
子藏,笔记,埋忧集
子藏,笔记,埋愁室丛话
子藏,笔记,墨客挥犀
子藏,笔记,墨庄漫录
子藏,笔记,夜谭随录
子藏,笔记,夜雨秋灯录
子藏,笔记,大唐传载
子藏,笔记,大唐新语
子藏,笔记,天史
子藏,笔记,天妃显圣录
子藏,笔记,太平广记
子藏,笔记,夷坚志
子藏,笔记,夷坚志全集
子藏,笔记,奇女子传
子藏,笔记,奇闻类记
子藏,笔记,妒记
子藏,笔记,孀妹殊遇
子藏,笔记,子不语
子藏,笔记,孔氏志怪
子藏,笔记,孙公谈圃
子藏,笔记,宋艳
子藏,笔记,宜斋野乘
子藏,笔记,客座偶谈
子藏,笔记,客座赘语
子藏,笔记,客窗闲话
子藏,笔记,客窗闲话续集
子藏,笔记,宣室志
子藏,笔记,宣验记
子藏,笔记,寄园寄所寄
子藏,笔记,对山余墨
子藏,笔记,封氏闻见记
子藏,笔记,小螺庵病榻忆语
子藏,笔记,小豆棚
子藏,笔记,尚书故实
子藏,笔记,尧山堂外纪
子藏,笔记,履园丛话
子藏,笔记,山公九原
子藏,笔记,山居新话
子藏,笔记,山水小牍
子藏,笔记,山海经
子藏,笔记,岚斋集
子藏,笔记,岭南摭怪
子藏,笔记,巢林笔谈
子藏,笔记,巢林笔谈续编
子藏,笔记,师友谈记
子藏,笔记,幽明录
子藏,笔记,幽闲鼓吹
子藏,笔记,广客谈
子藏,笔记,广异记
子藏,笔记,广陵妖乱志
子藏,笔记,庚巳编
子藏,笔记,庸闲斋笔记
子藏,笔记,开元天宝遗事
子藏,笔记,开天传信记
子藏,笔记,异苑
子藏,笔记,异辞录
子藏,笔记,异闻总录
子藏,笔记,异闻杂录
子藏,笔记,异闻记
子藏,笔记,张太史明道杂志
子藏,笔记,张氏可书
子藏,笔记,归潜志
子藏,笔记,归田录
子藏,笔记,归田琐记
子藏,笔记,录异传
子藏,笔记,御制广寒殿记
子藏,笔记,御制纪梦 
子藏,笔记,志怪
子藏,笔记,志怪录
子藏,笔记,快园道古
子藏,笔记,思无邪小记
子藏,笔记,悔逸斋笔乘
子藏,笔记,情史
子藏,笔记,戎幕闲谈
子藏,笔记,戒庵老人漫笔
子藏,笔记,投辖录
子藏,笔记,括异志
子藏,笔记,拾遗录
子藏,笔记,拾遗记
子藏,笔记,挥麈录
子藏,笔记,搜神后记
子藏,笔记,搜神秘览
子藏,笔记,搜神记
子藏,笔记,搜神记句道兴本
子藏,笔记,故宫漫载
子藏,笔记,教坊记
子藏,笔记,断袖篇
子藏,笔记,新世说
子藏,笔记,方洲杂言
子藏,笔记,旌异记
子藏,笔记,日闻录
子藏,笔记,明皇杂录
子藏,笔记,明语林
子藏,笔记,春冰室野乘
子藏,笔记,春明退朝录
子藏,笔记,春梦录
子藏,笔记,春渚纪闻
子藏,笔记,智囊全集
子藏,笔记,曲洧旧闻
子藏,笔记,朝野佥载
子藏,笔记,机警
子藏,笔记,杌近志
子藏,笔记,李娃传
子藏,笔记,李文忠公事略
子藏,笔记,杜阳杂编
子藏,笔记,杨太真外传
子藏,笔记,杨文公谈苑
子藏,笔记,松窗杂录
子藏,笔记,板桥杂记
子藏,笔记,林灵素传
子藏,笔记,枫窗小牍
子藏,笔记,柳氏传
子藏,笔记,桂苑丛谈
子藏,笔记,桯史
子藏,笔记,梼杌近志
子藏,笔记,次柳氏旧闻
子藏,笔记,殷芸小说
子藏,笔记,水东日记
子藏,笔记,汉宫春色
子藏,笔记,汉武帝内传
子藏,笔记,汉武故事
子藏,笔记,江淮异人录
子藏,笔记,江邻幾杂志
子藏,笔记,池北偶谈
子藏,笔记,泊宅编
子藏,笔记,泾林续记
子藏,笔记,洛阳搢绅旧闻记
子藏,笔记,洞冥记
子藏,笔记,浪迹三谈
子藏,笔记,浪迹丛谈
子藏,笔记,浪迹续谈
子藏,笔记,浮生六记
子藏,笔记,海内十洲记
子藏,笔记,海陬冶游录
子藏,笔记,涉异志
子藏,笔记,涌幢小品
子藏,笔记,涑水记闻
子藏,笔记,清异录
子藏,笔记,清波杂志
子藏,笔记,渑水燕谈录
子藏,笔记,渔樵闲话录
子藏,笔记,温公琐语
子藏,笔记,游仙窟
子藏,笔记,游宦纪闻
子藏,笔记,湖山叙游
子藏,笔记,湘山野录
子藏,笔记,湘烟小录
子藏,笔记,溪山余话
子藏,笔记,满清外史
子藏,笔记,漱华随笔
子藏,笔记,潮嘉风月
子藏,笔记,灵应传
子藏,笔记,灵鬼志
子藏,笔记,炀帝开河记
子藏,笔记,炀帝迷楼记
子藏,笔记,燕台花事录
子藏,笔记,燕子春秋
子藏,笔记,燕山外史
子藏,笔记,燕闲录
子藏,笔记,物犹如此
子藏,笔记,独异志
子藏,笔记,独醒杂志
子藏,笔记,献帝春秋
子藏,笔记,玄中记
子藏,笔记,玄怪录
子藏,笔记,玉堂丛语
子藏,笔记,玉堂嘉话
子藏,笔记,玉堂闲话
子藏,笔记,玉壶野史
子藏,笔记,玉泉子
子藏,笔记,玉照新志
子藏,笔记,玉芝堂谈荟
子藏,笔记,王文正笔录
子藏,笔记,王氏谈录
子藏,笔记,王氏谈録
子藏,笔记,王阳明靖乱录
子藏,笔记,珍席放谈
子藏,笔记,珍珠船
子藏,笔记,珠江名花小传
子藏,笔记,琅嬛记
子藏,笔记,琅琊漫抄
子藏,笔记,甄异传
子藏,笔记,甘泽谣
子藏,笔记,甘疯子传
子藏,笔记,甲申杂记
子藏,笔记,甲申闻见二录补遗
子藏,笔记,画墁录
子藏,笔记,番禺杂记
子藏,笔记,癸辛杂识
子藏,笔记,益智录
子藏,笔记,睽车志
子藏,笔记,石屋余渖
子藏,笔记,石屋续渖
子藏,笔记,石林燕语
子藏,笔记,研北杂志
子藏,笔记,碧云騢
子藏,笔记,祐山杂说
子藏,笔记,神异经
子藏,笔记,秋灯琐忆
子藏,笔记,秦鬟楼谈录
子藏,笔记,稽神录
子藏,笔记,穆天子传
子藏,笔记,窥天外乘
子藏,笔记,竹西花事小录
子藏,笔记,竹间十日话
子藏,笔记,竹间续话
子藏,笔记,笔梦叙
子藏,笔记,笔记
子藏,笔记,笔记-明-陈继儒
子藏,笔记,筠廊二笔
子藏,笔记,筠廊偶笔
子藏,笔记,类说
子藏,笔记,红楼余梦
子藏,笔记,绀珠集
子藏,笔记,续世说
子藏,笔记,续仙传
子藏,笔记,续墨客挥犀
子藏,笔记,续夷坚志
子藏,笔记,续子不语
子藏,笔记,续异记
子藏,笔记,续湘山野录
子藏,笔记,续齐谐记
子藏,笔记,绿珠传
子藏,笔记,网庐漫墨
子藏,笔记,群居解颐
子藏,笔记,老学庵笔记
子藏,笔记,耄余杂识
子藏,笔记,耆旧续闻
子藏,笔记,耳书鲊话
子藏,笔记,耳新
子藏,笔记,耳目记
子藏,笔记,耳谈
子藏,笔记,耳食录
子藏,笔记,能改斋漫录
子藏,笔记,艳异编
子藏,笔记,艾子杂说
子藏,笔记,芙蓉镜寓言
子藏,笔记,芦浦笔记
子藏,笔记,花底拾遗
子藏,笔记,花烛闲谈
子藏,笔记,花里活
子藏,笔记,苇航纪谈
子藏,笔记,苌楚斋三笔
子藏,笔记,苌楚斋五笔
子藏,笔记,苌楚斋四笔
子藏,笔记,苌楚斋续笔
子藏,笔记,苌楚斋随笔
子藏,笔记,苏谈
子藏,笔记,茅亭客话
子藏,笔记,菽园杂记
子藏,笔记,萍洲可谈
子藏,笔记,萤窗异草
子藏,笔记,萤窗清玩
子藏,笔记,蒙斋笔谈
子藏,笔记,藏一话腴
子藏,笔记,虞初新志
子藏,笔记,虬髯客传
子藏,笔记,蚍蜉传
子藏,笔记,补张灵崔莹合传
子藏,笔记,西京杂记
子藏,笔记,西堂日记
子藏,笔记,西征随笔
子藏,笔记,西斋话记
子藏,笔记,西湖佳话
子藏,笔记,西湖小史
子藏,笔记,西湖杂记
子藏,笔记,西轩客谈
子藏,笔记,觚不觚录
子藏,笔记,记事珠
子藏,笔记,诚斋杂记
子藏,笔记,详刑公案
子藏,笔记,说郛
子藏,笔记,谈渊
子藏,笔记,谈美人
子藏,笔记,谈苑
子藏,笔记,谈薮
子藏,笔记,谈辂
子藏,笔记,谏书稀庵笔记
子藏,笔记,谐噱录
子藏,笔记,谐铎
子藏,笔记,谷山笔麈
子藏,笔记,贡愚录
子藏,笔记,贤博编
子藏,笔记,贤弈编
子藏,笔记,贤识录
子藏,笔记,贵耳集
子藏,笔记,贾氏谭录
子藏,笔记,赏心乐事
子藏,笔记,赵飞燕别传
子藏,笔记,辍耕录
子藏,笔记,辨疑志
子藏,笔记,过庭录
子藏,笔记,还冤志
子藏,笔记,述庵秘录
子藏,笔记,述异记
子藏,笔记,通天乐
子藏,笔记,遂昌杂录
子藏,笔记,道听途说
子藏,笔记,道山清话
子藏,笔记,避暑录话
子藏,笔记,邺侯外传
子藏,笔记,郡阁雅言
子藏,笔记,郴行录
子藏,笔记,都公谭纂
子藏,笔记,酉阳杂俎
子藏,笔记,醉茶志怪
子藏,笔记,醴泉笔录
子藏,笔记,采芹录
子藏,笔记,里乘
子藏,笔记,野老纪闻
子藏,笔记,金华子杂编
子藏,笔记,金川妖姬志
子藏,笔记,金璧故事
子藏,笔记,鉴诫录
子藏,笔记,钗小志
子藏,笔记,钟情丽集
子藏,笔记,钱氏私志
子藏,笔记,铁围山丛谈
子藏,笔记,长水日抄
子藏,笔记,闲中今古录摘抄
子藏,笔记,闲居录
子藏,笔记,闲燕常谈
子藏,笔记,闲窗括异志
子藏,笔记,闻见后录
子藏,笔记,闻见录
子藏,笔记,闻见近录
子藏,笔记,阅微草堂笔记
子藏,笔记,陇蜀余闻
子藏,笔记,陶朱新录
子藏,笔记,隋炀帝海山记
子藏,笔记,随手杂录
子藏,笔记,随隐漫录
子藏,笔记,集异记
子藏,笔记,雨航杂录
子藏,笔记,雪履斋笔记
子藏,笔记,霏雪录
子藏,笔记,青楼集
子藏,笔记,青溪暇笔
子藏,笔记,青眉
子藏,笔记,青箱杂记
子藏,笔记,靖乱录
子藏,笔记,靖康稗史笺证
子藏,笔记,非烟传
子藏,笔记,韦十一娘传
子藏,笔记,韵石斋笔谈
子藏,笔记,顾竹侯灯窗漫录
子藏,笔记,颜乐堂记
子藏,笔记,风俗通义
子藏,笔记,飞燕外传
子藏,笔记,食色绅言
子藏,笔记,餐樱庑随笔
子藏,笔记,香天谈薮
子藏,笔记,香畹楼忆语
子藏,笔记,香祖笔记
子藏,笔记,骗经
子藏,笔记,骨董祸
子藏,笔记,高力士外传
子藏,笔记,高坡异纂
子藏,笔记,高斋漫录
子藏,笔记,魏晋世语
子藏,笔记,鲊话
子藏,笔记,鸡肋
子藏,笔记,鸡肋编
子藏,笔记,鸳鸯牒
子藏,笔记,鹤山笔录
子藏,笔记,鹤林玉露
子藏,笔记,麈史
子藏,笔记,默记
子藏,笔记,齐东野语
子藏,笔记,齐谐记
子藏,笔记,龙会兰池录
子藏,笔记,龙兴慈记
子藏,笔记,龙城录
子藏,笔记,龙川略志
子藏,类书,夜航船
子藏,类书,太平广记
子藏,类书,宋稗类钞
艺藏,综合,侯鲭录
艺藏,综合,四巧工传
艺藏,综合,山房随笔
诗藏,剧曲,元曲选
诗藏,剧曲,全元曲
诗藏,剧曲,全元曲戏文
诗藏,剧曲,全元曲杂剧
诗藏,剧曲,六十种曲三元记
诗藏,剧曲,六十种曲东郭记
诗藏,剧曲,六十种曲义侠记
诗藏,剧曲,六十种曲八义记
诗藏,剧曲,六十种曲千金记
诗藏,剧曲,六十种曲南柯记
诗藏,剧曲,六十种曲双烈记
诗藏,剧曲,六十种曲双珠记
诗藏,剧曲,六十种曲四喜记
诗藏,剧曲,六十种曲四贤记
诗藏,剧曲,六十种曲寻亲记
诗藏,剧曲,六十种曲幽闺记
诗藏,剧曲,六十种曲彩毫记
诗藏,剧曲,六十种曲怀香记
诗藏,剧曲,六十种曲投梭记
诗藏,剧曲,六十种曲明珠记
诗藏,剧曲,六十种曲昙花记
诗藏,剧曲,六十种曲春芜记
诗藏,剧曲,六十种曲杀狗记
诗藏,剧曲,六十种曲水浒记
诗藏,剧曲,六十种曲浣纱记
诗藏,剧曲,六十种曲灌园记
诗藏,剧曲,六十种曲焚香记
诗藏,剧曲,六十种曲狮吼记
诗藏,剧曲,六十种曲玉合记
诗藏,剧曲,六十种曲玉玦记
诗藏,剧曲,六十种曲玉环记
诗藏,剧曲,六十种曲玉簪记
诗藏,剧曲,六十种曲玉镜台记
诗藏,剧曲,六十种曲琴心记
诗藏,剧曲,六十种曲琵琶记
诗藏,剧曲,六十种曲白兔记
诗藏,剧曲,六十种曲种玉记
诗藏,剧曲,六十种曲精忠记
诗藏,剧曲,六十种曲紫箫记
诗藏,剧曲,六十种曲紫钗记
诗藏,剧曲,六十种曲红拂记
诗藏,剧曲,六十种曲红梨记
诗藏,剧曲,六十种曲绣襦记
诗藏,剧曲,六十种曲节侠记
诗藏,剧曲,六十种曲荆钗记
诗藏,剧曲,六十种曲蕉帕记
诗藏,剧曲,六十种曲西厢记
诗藏,剧曲,六十种曲西厢记-明-崔时佩
诗藏,剧曲,六十种曲西楼记
诗藏,剧曲,六十种曲赠书记
诗藏,剧曲,六十种曲运甓记
诗藏,剧曲,六十种曲还魂记
诗藏,剧曲,六十种曲邯郸记
诗藏,剧曲,六十种曲金莲记
诗藏,剧曲,六十种曲金雀记
诗藏,剧曲,六十种曲锦笺记
诗藏,剧曲,六十种曲霞笺记
诗藏,剧曲,六十种曲青衫记
诗藏,剧曲,六十种曲飞丸记
诗藏,剧曲,六十种曲香囊记
诗藏,剧曲,六十种曲鸣凤记
诗藏,剧曲,六十种曲鸾鎞记
诗藏,剧曲,六十种曲龙膏记
诗藏,剧曲,关大王独赴单刀会
诗藏,剧曲,剧谈录
诗藏,剧曲,化人游词曲
诗藏,剧曲,堂东老劝破家子弟
诗藏,剧曲,娇红记
诗藏,剧曲,幽闺记
诗藏,剧曲,张协状元
诗藏,剧曲,弦索西厢
诗藏,剧曲,新缀白裘
诗藏,剧曲,新编杨椒山表忠蚺蛇胆
诗藏,剧曲,木皮散人鼓词
诗藏,剧曲,桃花扇
诗藏,剧曲,梁山泊同窗琴书记
诗藏,剧曲,楚曲十种临潼斗宝
诗藏,剧曲,清忠谱
诗藏,剧曲,温凉盏鼓词
诗藏,剧曲,牡丹亭
诗藏,剧曲,白朴元曲集
诗藏,剧曲,盛明杂剧初集二集
诗藏,剧曲,破幽梦孤雁汉宫秋
诗藏,剧曲,窦娥冤
诗藏,剧曲,精忠旗
诗藏,剧曲,綴白裘
诗藏,剧曲,聊斋俚曲集
诗藏,剧曲,聊斋剧作三种
诗藏,剧曲,花笺记
诗藏,剧曲,苏六娘
诗藏,剧曲,茯苓仙传奇
诗藏,剧曲,荆釵记
诗藏,剧曲,荔镜记荔枝记
诗藏,剧曲,西厢记
诗藏,剧曲,西游记戏文
诗藏,剧曲,赵氏孤儿大报仇
诗藏,剧曲,赵盼儿风月救风尘
诗藏,剧曲,金花女
诗藏,剧曲,长生殿
诗藏,剧曲,雷峰塔
诗藏,剧曲,须贾大夫谇范叔
诗藏,剧曲,鹦鹉洲
诗藏,词话,近代词人逸事
诗藏,诗话,大唐三藏取经诗话
诗藏,诗话,本事诗
道藏,正统道藏太玄部,山海经
道藏,正统道藏正一部,三洞群仙录
道藏,正统道藏正一部,侍帝晨东华上佐司命杨君传记
道藏,正统道藏正一部,灵山太平兴国官采访真君事实
道藏,正统道藏正一部,翊圣保德传
道藏,正统道藏正一部,赣州圣济庙灵迹碑
道藏,正统道藏正一部,长春真人西游记
道藏,正统道藏洞玄部,云阜山申仙翁传
道藏,正统道藏洞玄部,体玄真人显异录
道藏,正统道藏洞玄部,十洲记
道藏,正统道藏洞玄部,南岳九真人传
道藏,正统道藏洞玄部,太极葛仙公传
道藏,正统道藏洞玄部,孝道吴许二真君传
道藏,正统道藏洞玄部,录异记
道藏,正统道藏洞玄部,江淮异人录
道藏,正统道藏洞玄部,洪恩灵济真君事实
道藏,正统道藏洞玄部,神仙感遇传
道藏,正统道藏洞玄部,西山许真君八十五化录
道藏,正统道藏洞玄部,许太史真君图传
道藏,正统道藏洞玄部,许真君仙传
道藏,正统道藏洞玄部,道教灵验记
道藏,正统道藏洞玄部,道迹灵仙记
道藏,正统道藏洞真部,凝阳董真人遇仙记
道藏,正统道藏洞真部,列仙传
道藏,正统道藏洞真部,华阳陶隐君内传
道藏,正统道藏洞真部,历世真仙体道通鉴
道藏,正统道藏洞真部,历世真仙体道通鉴后集
道藏,正统道藏洞真部,历世真仙体道通鉴续编
道藏,正统道藏洞真部,周氏冥通记
道藏,正统道藏洞真部,广黄帝本行记
道藏,正统道藏洞真部,桓真人升仙记
道藏,正统道藏洞真部,梓潼帝君化书
道藏,正统道藏洞真部,汉武帝内传
道藏,正统道藏洞真部,汉武帝外传
道藏,正统道藏洞真部,清河内传
道藏,正统道藏洞真部,玄风庆会录
道藏,正统道藏洞真部,疑仙传
道藏,正统道藏洞真部,穆天子传
道藏,正统道藏洞真部,紫阳真人内传
道藏,正统道藏洞真部,纯阳帝君神化妙通纪
道藏,正统道藏洞真部,续仙传
道藏,正统道藏洞真部,西山群仙会真记
道藏,正统道藏洞真部,金莲正宗仙源像传
道藏,正统道藏洞真部,金莲正宗记
道藏,正统道藏洞神部,华盖山浮丘主郭三真君事实
道藏,正统道藏洞神部,唐鸿胪卿越置公灵虚见素真人传
道藏,正统道藏洞神部,地只上将温太保传
道藏,正统道藏洞神部,地只上将温太保传补遗
道藏,正统道藏洞神部,墉城集仙录
道藏,正统道藏洞神部,太上混元老子史略
道藏,正统道藏洞神部,混元圣记
道藏,正统道藏洞神部,犹龙传
道藏,正统道藏洞神部,玄品录
道藏,正统道藏洞神部,玄天上帝启圣录
道藏,正统道藏洞神部,玄天上帝启圣灵异录
道藏,正统道藏洞神部,甘水仙源录
道藏,正统道藏洞神部,终南山祖庭仙真内传
道藏,正统道藏续道藏,吕祖志
道藏,正统道藏续道藏,弘道录
道藏,正统道藏续道藏,徐仙真录
道藏,正统道藏续道藏,搜神记
道藏,正统道藏续道藏,汉天师世家
道藏,藏外,仙苑编珠
道藏,藏外,会仙女志
道藏,藏外,列仙传
道藏,藏外,北游记
道藏,藏外,南游记
道藏,藏外,吕祖全传
道藏,藏外,吕祖年谱海山奇遇
道藏,藏外,坐花志果
道藏,藏外,墉城集仙录
道藏,藏外,御制周颠仙人传
道藏,藏外,神仙传
道藏,藏外,紫金光耀大仙修真演义
道藏,藏外,续仙传
道藏,藏外,西游录注
道藏,藏外,西游真诠
道藏,藏外,长春真人西游记
集藏,四库别集,全相二十四孝诗选
集藏,四库别集,瀛海偕亡记
集藏,四库别集,秦淮画舫录
集藏,四库别集,贵耳集
集藏,宝卷,何仙姑宝卷
集藏,宝卷,度阴宝卷
集藏,宝卷,杏花宝卷
集藏,宝卷,梁皇宝卷
集藏,宝卷,民间宝卷花名宝卷
集藏,宝卷,玉历宝钞
集藏,宝卷,雷峰宝卷
集藏,宝卷,靖江宝卷
集藏,宝卷,鱼篮宝卷
集藏,宝卷,黄氏宝卷
集藏,小说,一层楼
集藏,小说,一枕奇
集藏,小说,七真因果传
集藏,小说,万花楼
集藏,小说,万锦情林
集藏,小说,三国志通俗演义嘉靖壬午本
集藏,小说,三宝太监西洋记
集藏,小说,三教偶拈
集藏,小说,三春梦
集藏,小说,三续金瓶梅
集藏,小说,三遂平妖传
集藏,小说,世无匹
集藏,小说,东度记
集藏,小说,两交婚小传
集藏,小说,九云记
集藏,小说,九命奇冤
集藏,小说,九尾狐
集藏,小说,九尾龟
集藏,小说,乾隆休妻
集藏,小说,乾隆游江南
集藏,小说,争春园
集藏,小说,二刻醒世恒言
集藏,小说,二十年目睹之怪现状
集藏,小说,二度梅全传
集藏,小说,于少保萃忠全传
集藏,小说,云仙笑
集藏,小说,五美缘
集藏,小说,五色石
集藏,小说,京华碧血录
集藏,小说,人海潮
集藏,小说,仇史
集藏,小说,今古奇观
集藏,小说,仙侠五花剑
集藏,小说,仙卜奇缘
集藏,小说,何典
集藏,小说,侠义英雄传
集藏,小说,俗话倾谈
集藏,小说,儒林外史
集藏,小说,八仙得道
集藏,小说,八洞天
集藏,小说,八美图
集藏,小说,八贤传
集藏,小说,六月霜
集藏,小说,兰闺恨
集藏,小说,再生缘
集藏,小说,冷眼观
集藏,小说,凤凰池
集藏,小说,刘生觅莲记
集藏,小说,前明正德白牡丹
集藏,小说,剑侠传
集藏,小说,剑侠奇中奇全传
集藏,小说,剖心记
集藏,小说,劫余灰
集藏,小说,医界镜
集藏,小说,十二楼
集藏,小说,十尾龟
集藏,小说,升仙传
集藏,小说,南朝金粉录
集藏,小说,历代兴衰演义
集藏,小说,双凤奇缘
集藏,小说,双和欢
集藏,小说,双龙传
集藏,小说,发财秘诀
集藏,小说,古戍寒笳记
集藏,小说,合浦珠
集藏,小说,合锦回文传
集藏,小说,同治嫖院
集藏,小说,后宋慈云走国全传
集藏,小说,后官场现形记
集藏,小说,后水浒传
集藏,小说,后红楼梦
集藏,小说,后西游记
集藏,小说,听月楼
集藏,小说,吴江雪
集藏,小说,唐三藏西游厄释传
集藏,小说,唐代宫廷艳史
集藏,小说,唐钟馗全传
集藏,小说,商界现形记
集藏,小说,善恶图全传
集藏,小说,四巧说
集藏,小说,四游记
集藏,小说,回天绮谈
集藏,小说,夏商野史
集藏,小说,大明奇侠传
集藏,小说,大明正德游江南
集藏,小说,大汉三合明珠宝剑全传
集藏,小说,大马扁
集藏,小说,天凑巧
集藏,小说,天女散花
集藏,小说,天妃娘妈传
集藏,小说,天豹图
集藏,小说,女仙外史
集藏,小说,女娲石
集藏,小说,女开科传
集藏,小说,女界鬼域记
集藏,小说,女聊斋志异
集藏,小说,好逑传
集藏,小说,如此京华
集藏,小说,妆钿铲传
集藏,小说,妖狐艳史
集藏,小说,姑妄言
集藏,小说,娱目醒心编
集藏,小说,婆罗岸全传
集藏,小说,媚史
集藏,小说,孝感天
集藏,小说,孤山再梦
集藏,小说,孽海花
集藏,小说,守宫砂
集藏,小说,宋公明排九宫八卦阵
集藏,小说,宋太祖三下南唐
集藏,小说,官场现行记
集藏,小说,定情人
集藏,小说,定鼎奇闻
集藏,小说,宛如约
集藏,小说,宦海升沉录
集藏,小说,宦海钟
集藏,小说,富翁醒世录
集藏,小说,寻芳雅集
集藏,小说,山水情
集藏,小说,岭南逸史
集藏,小说,巧冤家
集藏,小说,巧联珠
集藏,小说,市声
集藏,小说,希夷梦海国春秋
集藏,小说,常言道
集藏,小说,平山冷燕
集藏,小说,平金川
集藏,小说,幻中游
集藏,小说,康熙侠义传
集藏,小说,廿载繁华梦
集藏,小说,引凤萧
集藏,小说,张文祥刺马案
集藏,小说,归莲梦
集藏,小说,快士传
集藏,小说,快心编传奇三集
集藏,小说,快心编传奇二集
集藏,小说,快心编传奇初集
集藏,小说,恨海
集藏,小说,情变
集藏,小说,情梦柝
集藏,小说,情楼迷史霞笺记
集藏,小说,戏中戏
集藏,小说,戏蛾记
集藏,小说,扫迷帚
集藏,小说,扫魅敦伦东度记
集藏,小说,斩鬼传
集藏,小说,断鸿零雁记
集藏,小说,斯文变相
集藏,小说,新世鸿勋
集藏,小说,新水浒
集藏,小说,新石头记
集藏,小说,新纪元
集藏,小说,新茶花
集藏,小说,新西游记
集藏,小说,新镌绣像麴头陀济颠全传
集藏,小说,无声戏
集藏,小说,无耻奴
集藏,小说,明代宫闱史
集藏,小说,明月台
集藏,小说,明珠缘
集藏,小说,春秋配
集藏,小说,春阿氏谋夫案
集藏,小说,最近官场秘密史
集藏,小说,木兰奇女传
集藏,小说,杀子报
集藏,小说,杨乃武与小白菜
集藏,小说,枕上晨钟
集藏,小说,林公案
集藏,小说,林兰香
集藏,小说,林黛玉笔记
集藏,小说,柳非烟
集藏,小说,桃花女阴阳斗传
集藏,小说,案中冤案
集藏,小说,梁山五虎大劫牢
集藏,小说,梅兰佳话
集藏,小说,梦中缘
集藏,小说,梼杌萃编
集藏,小说,梼杌闲评
集藏,小说,歇浦潮
集藏,小说,武则天四大奇案
集藏,小说,武则天外史
集藏,小说,歧路灯
集藏,小说,残水浒
集藏,小说,比目鱼
集藏,小说,水浒传
集藏,小说,水浒古本
集藏,小说,水浒后传
集藏,小说,水浒新传
集藏,小说,水石缘
集藏,小说,永庆升平前传
集藏,小说,永庆升平后传
集藏,小说,汉代宫廷艳史
集藏,小说,江湖奇侠传
集藏,小说,泣红亭
集藏,小说,泪珠缘
集藏,小说,活地狱
集藏,小说,济公全传
集藏,小说,济颠大师醉菩提全传
集藏,小说,浓情快史
集藏,小说,海上尘天影
集藏,小说,海上花魅影
集藏,小说,海上魂
集藏,小说,海外扶余
集藏,小说,海游记
集藏,小说,海角遗编
集藏,小说,淞隐漫录
集藏,小说,清代宫廷艳史
集藏,小说,炎凉岸
集藏,小说,热血痕
集藏,小说,照世杯
集藏,小说,熊龙峰小说四种
集藏,小说,熙朝快史
集藏,小说,燕子笺
集藏,小说,牛郎织女传
集藏,小说,狐狸缘全传
集藏,小说,玉佛缘
集藏,小说,玉娇梨
集藏,小说,玉楼春
集藏,小说,玉燕姻缘全传
集藏,小说,珍珠舶
集藏,小说,瑶华传
集藏,小说,瓜分惨祸预言记
集藏,小说,生绡剪
集藏,小说,生花梦
集藏,小说,画图缘
集藏,小说,留东外史
集藏,小说,留东外史续集
集藏,小说,痛史
集藏,小说,痴人福
集藏,小说,痴人说梦记
集藏,小说,白圭志
集藏,小说,百花野史
集藏,小说,皇清秘史
集藏,小说,瞎骗奇闻
集藏,小说,石点头
集藏,小说,祁生天缘奇遇
集藏,小说,禅真后史
集藏,小说,禅真逸史
集藏,小说,禽海石
集藏,小说,秦王逸史
集藏,小说,立宪万岁
集藏,小说,章台柳
集藏,小说,笏山记
集藏,小说,笔梨园
集藏,小说,第一奇女
集藏,小说,简本水浒传水浒忠义志传
集藏,小说,粉妆楼全传
集藏,小说,红楼圆梦
集藏,小说,红楼复梦
集藏,小说,红楼幻梦
集藏,小说,红楼春梦
集藏,小说,红楼梦
集藏,小说,红楼梦影
集藏,小说,红楼梦补
集藏,小说,红风传
集藏,小说,终须梦
集藏,小说,绘芳录红闺春梦
集藏,小说,绣云阁
集藏,小说,绣像红灯记
集藏,小说,绣球缘
集藏,小说,绣鞋记
集藏,小说,续水浒传
集藏,小说,续济公传
集藏,小说,续红楼梦
集藏,小说,续红楼梦新编
集藏,小说,续红楼梦未竟稿二十回
集藏,小说,续西游记
集藏,小说,续金瓶梅
集藏,小说,续镜花缘
集藏,小说,绮楼重梦
集藏,小说,绿牡丹
集藏,小说,绿野仙踪
集藏,小说,罂粟花
集藏,小说,美人书
集藏,小说,老残游记
集藏,小说,老残游记续集
集藏,小说,聊斋志异
集藏,小说,聚仙亭
集藏,小说,胡涂世界
集藏,小说,胡雪岩外传
集藏,小说,脂砚斋全评石头记
集藏,小说,花月痕
集藏,小说,花案奇闻
集藏,小说,苗宫夜合花
集藏,小说,英云梦三生姻缘
集藏,小说,英雄泪
集藏,小说,荡寇志
集藏,小说,萨真人得道咒枣记
集藏,小说,蕉叶帕
集藏,小说,蜃楼外史
集藏,小说,蜃楼志
集藏,小说,蜗触蛮三国争地记
集藏,小说,蜜蜂计
集藏,小说,蝴蝶缘
集藏,小说,蟫史
集藏,小说,补红楼梦
集藏,小说,西太后艳史演义
集藏,小说,西游记
集藏,小说,西游记传
集藏,小说,西游记百回详注
集藏,小说,西游记补
集藏,小说,西湖二集
集藏,小说,观音菩萨传奇
集藏,小说,警世阴阳梦
集藏,小说,警富新书
集藏,小说,警寤钟
集藏,小说,豆棚闲话
集藏,小说,负曝闲谈
集藏,小说,贪欣误
集藏,小说,赛红丝
集藏,小说,走马春秋
集藏,小说,赵太祖三下南唐
集藏,小说,跻云楼
集藏,小说,跻春台
集藏,小说,轰天雷
集藏,小说,载阳堂意外缘
集藏,小说,近世社会龌龊史
集藏,小说,返生香
集藏,小说,连城壁
集藏,小说,连城璧外编
集藏,小说,邻女语
集藏,小说,醉翁谈录
集藏,小说,醉醒石
集藏,小说,醒世姻缘传
集藏,小说,醒名花
集藏,小说,醒梦骈言
集藏,小说,醒风流
集藏,小说,野叟曝言
集藏,小说,金台全传
集藏,小说,金圣叹批评本水浒传
集藏,小说,金屋梦
集藏,小说,金瓶梅
集藏,小说,金瓶梅词话万历本
集藏,小说,金石缘
集藏,小说,金莲仙史
集藏,小说,金谷怀春
集藏,小说,金钟传正明集
集藏,小说,金陵秋
集藏,小说,铁冠图
集藏,小说,铁树记
集藏,小说,铁花仙史
集藏,小说,银瓶梅
集藏,小说,锦绣衣
集藏,小说,锦香亭
集藏,小说,锲唐代吕纯阳得道飞剑记
集藏,小说,镜花缘
集藏,小说,闪电窗
集藏,小说,阴阳显报水鬼升城隍全传鬼神传
集藏,小说,隋代宫闱史
集藏,小说,隋炀帝艳史
集藏,小说,雅观楼
集藏,小说,雨花香
集藏,小说,雪月梅
集藏,小说,雪鸿泪史
集藏,小说,雷峰塔奇传
集藏,小说,青城山隐者记
集藏,小说,青楼梦
集藏,小说,青龙传
集藏,小说,韩湘子全传
集藏,小说,风月梦
集藏,小说,风月鉴
集藏,小说,飞剑记
集藏,小说,飞花咏
集藏,小说,飞跎全传
集藏,小说,飞龙全传
集藏,小说,驻春园小史
集藏,小说,鬼神传
集藏,小说,魏忠贤小说斥奸书
集藏,小说,魏阉全传
集藏,小说,麟儿报
集藏,小说,麹头陀传
集藏,小说,黄绣球
集藏,小说,黄金世界
集藏,小说,黑籍冤魂
集藏,小说,鼓掌绝尘
集藏,小说,龙凤再生缘
集藏,文评,古小说钩沉
集藏,演义,七十二朝人物演义
集藏,演义,三国演义
集藏,演义,上古秘史
集藏,演义,东周列国志
集藏,演义,东汉演义
集藏,演义,东汉秘史
集藏,演义,东西晋演义
集藏,演义,东西汉演义
集藏,演义,两晋秘史
集藏,演义,两汉开国中兴传志
集藏,演义,云南野乘
集藏,演义,五代秘史
集藏,演义,元朝秘史
集藏,演义,前后七国志
集藏,演义,南北史演义
集藏,演义,反唐演义全传
集藏,演义,台战演义
集藏,演义,后三国石珠演义
集藏,演义,吴三桂演义
集藏,演义,周朝秘史
集藏,演义,唐书志传
集藏,演义,唐书志传通俗演义
集藏,演义,唐朝开国演义
集藏,演义,唐末藩镇演义
集藏,演义,唐祝文周四杰传
集藏,演义,大宋中兴通俗演义岳王传
集藏,演义,封神演义
集藏,演义,开辟演义
集藏,演义,文明小史
集藏,演义,春秋列国志传
集藏,演义,昭君艳史演义
集藏,演义,杨家府世代忠勇通俗演义
集藏,演义,梁武帝演义
集藏,演义,樵史演义
集藏,演义,残唐五代史演义传
集藏,演义,洪秀全演义
集藏,演义,海国春秋
集藏,演义,混唐后传
集藏,演义,清代圣人陆稼书演义
集藏,演义,清宫十三朝演义
集藏,演义,清朝三百年艳史演义
集藏,演义,清朝秘史
集藏,演义,狄青演义
集藏,演义,皇黎一统志
集藏,演义,盘古至唐虞传
集藏,演义,续三国演义
集藏,演义,续英烈传
集藏,演义,英烈传
集藏,演义,草木春秋演义
集藏,演义,蔡东藩两晋演义
集藏,演义,蔡东藩五代史演义
集藏,演义,蔡东藩元史演义
集藏,演义,蔡东藩前汉演义
集藏,演义,蔡东藩南北史演义
集藏,演义,蔡东藩后汉演义
集藏,演义,蔡东藩唐史演义
集藏,演义,蔡东藩宋史演义
集藏,演义,蔡东藩明史演义
集藏,演义,蔡东藩民国演义
集藏,演义,蔡东藩清史演义
集藏,演义,西施艳史演义
集藏,演义,貂蝉艳史演义
集藏,演义,贵妃艳史演义
集藏,演义,辽海丹忠录
集藏,演义,锋剑春秋
集藏,演义,隋史遗文
集藏,演义,隋唐演义
集藏,演义,隋唐野史
集藏,演义,青红帮演义
集藏,演义,鬼谷四友志
集藏,笑话,十二笑
集藏,笑话,古今笑史
集藏,笑话,广笑府
集藏,笑话,笑典
集藏,笑话,笑得好
集藏,笑话,笑林
集藏,笑话,笑林广记
集藏,笑话,笑赞
集藏,笑话,解愠编
集藏,笑话,雪涛谐史
集藏,话本,七剑十三侠
集藏,话本,七国春秋平话
集藏,话本,三侠五义
集藏,话本,三侠剑
集藏,话本,三国志平话
集藏,话本,丽史
集藏,话本,二刻拍案惊奇
集藏,话本,二荷花史
集藏,话本,于公案
集藏,话本,五虎平南
集藏,话本,五虎征西
集藏,话本,五鼠闹东京
集藏,话本,儿女英雄传
集藏,话本,儿女英雄传续儿女英雄传
集藏,话本,全相平话
集藏,话本,全相平话三国志至治新刊
集藏,话本,刘公案
集藏,话本,刘墉传奇
集藏,话本,初刻拍案惊奇
集藏,话本,前汉书平话
集藏,话本,包公案
集藏,话本,包公案之百家公案
集藏,话本,双灯记
集藏,话本,呼家将
集藏,话本,唐传奇选辑
集藏,话本,喻世明言
集藏,话本,大八义
集藏,话本,大唐秦王词话
集藏,话本,小五义
集藏,话本,小五虎演义
集藏,话本,小八义
集藏,话本,峥霄馆评定通俗演义型世言
集藏,话本,廉明公案
集藏,话本,廿一史弹词
集藏,话本,彭公案
集藏,话本,敦煌变文选
集藏,话本,新民公案
集藏,话本,新编五代史平话
集藏,话本,施公案
集藏,话本,明刻话本四种
集藏,话本,李公案
集藏,话本,杨家将传
集藏,话本,桃花庵鼓词
集藏,话本,武王伐纣平话 吕望兴周
集藏,话本,毛公案
集藏,话本,海公大小红袍全传
集藏,话本,海公案
集藏,话本,海刚峰先生居官公案传
集藏,话本,清夜钟
集藏,话本,清平山堂话本
集藏,话本,清风闸
集藏,话本,狄公案
集藏,话本,玉蟾记
集藏,话本,百花弹词
集藏,话本,碾玉观音话本
集藏,话本,秦并六国平话
集藏,话本,续侠义传
集藏,话本,续小五义
集藏,话本,续廉明公案传
集藏,话本,草木传草木春秋药绘图
集藏,话本,蓝公案
集藏,话本,薛丁山征西
集藏,话本,薛仁贵征东
集藏,话本,薛仁贵征辽事略
集藏,话本,薛刚反唐
集藏,话本,警世通言
集藏,话本,训世评话
集藏,话本,说呼全传
集藏,话本,说唐
集藏,话本,说唐三传
集藏,话本,说唐后传
集藏,话本,说岳全传
集藏,话本,郭公案
集藏,话本,醒世恒言
集藏,话本,韩擒虎话本
集藏,话本,龙图公案
